t;DK_B_t;DK_L_t;DK_K_t ;DK_Q_t ;US_B_t;US_L_t;US_K_t;US_Q_t ;IN_B_t;IN_L_t;IN_K_t ;IN_Q_t ;CN_B_t;CN_L_t;CN_K_t ;CN_Q_t 
1960; 17.203,33 ; 2.111.660,00 ; 266.627.125.000,00 ; 75.799.778.712,51 ; 18.524,19 ; 70.956.940,00 ; 14.693.055.000.000,00 ; 3.510.944.391.069,94 ; 1.105,53 ; 179.374.600,00 ; 1.058.696.125.000,00 ; 447.576.465.990,40 ; 2.471,33 ; 295.659.330,00 ; 639.094.375.000,00 ; 689.786.476.737,16 
1961; 17.461,38 ; 2.123.738,70 ; 283.472.657.270,94 ; 78.546.887.065,28 ; 18.802,05 ; 71.921.954,38 ; 15.181.869.941.996,10 ; 3.618.444.917.633,54 ; 1.122,11 ; 182.836.529,78 ; 1.171.579.876.731,78 ; 478.456.336.834,54 ; 2.508,40 ; 299.443.769,42 ; 942.305.288.894,94 ; 828.053.271.090,25 
1962; 17.723,30 ; 2.135.886,48 ; 300.820.961.354,83 ; 81.337.562.941,78 ; 19.084,08 ; 72.900.092,96 ; 15.685.067.766.228,20 ; 3.729.055.137.745,25 ; 1.138,94 ; 186.365.274,80 ; 1.290.857.453.885,74 ; 510.383.703.966,55 ; 2.546,03 ; 303.276.649,67 ; 1.300.165.747.738,21 ; 966.071.956.721,59 
1963; 17.989,15 ; 2.148.103,75 ; 318.676.476.743,50 ; 84.173.374.003,46 ; 19.370,34 ; 73.891.534,23 ; 16.203.060.887.559,30 ; 3.842.864.782.257,54 ; 1.156,03 ; 189.962.124,61 ; 1.416.655.983.828,53 ; 543.394.497.884,81 ; 2.584,22 ; 307.158.590,79 ; 1.710.645.910.139,96 ; 1.104.289.715.881,29 
1964; 18.258,99 ; 2.160.390,90 ; 337.044.007.443,29 ; 87.055.869.314,20 ; 19.660,90 ; 74.896.459,09 ; 16.736.273.660.261,90 ; 3.959.966.163.585,85 ; 1.173,37 ; 193.628.393,61 ; 1.549.110.181.185,95 ; 577.525.980.437,62 ; 2.622,98 ; 311.090.220,75 ; 2.171.998.049.181,03 ; 1.243.105.187.453,22 
1965; 18.532,87 ; 2.172.748,34 ; 355.928.711.393,05 ; 89.986.584.282,71 ; 19.955,81 ; 75.915.050,94 ; 17.285.142.720.402,30 ; 4.080.454.250.179,38 ; 1.190,97 ; 197.365.421,61 ; 1.688.362.528.291,04 ; 612.816.772.123,07 ; 2.662,32 ; 315.072.175,58 ; 2.682.723.765.937,62 ; 1.382.866.110.920,31 
1966; 18.810,87 ; 2.185.176,46 ; 375.336.091.399,90 ; 92.967.045.015,64 ; 20.255,15 ; 76.947.495,63 ; 17.850.117.338.132,50 ; 4.204.426.743.132,23 ; 1.208,83 ; 201.174.574,25 ; 1.834.563.458.462,08 ; 649.306.884.476,91 ; 2.702,26 ; 319.105.099,42 ; 3.241.541.238.484,19 ; 1.523.876.557.817,90 
1967; 19.093,03 ; 2.197.675,67 ; 395.271.987.408,20 ; 95.998.772.175,67 ; 20.558,98 ; 77.993.981,57 ; 18.431.659.780.173,20 ; 4.331.984.154.996,37 ; 1.226,97 ; 205.057.243,53 ; 1.987.871.543.715,67 ; 687.037.756.726,49 ; 2.742,79 ; 323.189.644,70 ; 3.847.357.030.427,29 ; 1.666.405.310.715,54 
1968; 19.379,42 ; 2.210.246,38 ; 415.742.569.945,39 ; 99.083.284.422,45 ; 20.867,36 ; 79.054.699,72 ; 19.030.245.682.779,90 ; 4.463.229.890.860,86 ; 1.245,37 ; 209.014.848,33 ; 2.148.453.688.189,00 ; 726.052.296.122,76 ; 2.783,93 ; 327.326.472,15 ; 4.499.242.841.020,07 ; 1.810.693.221.903,37 
1969; 19.670,12 ; 2.222.888,98 ; 436.754.334.612,38 ; 102.222.101.500,14 ; 21.180,37 ; 80.129.843,64 ; 19.646.364.435.492,10 ; 4.598.270.331.762,03 ; 1.264,05 ; 213.048.834,90 ; 2.316.485.328.303,51 ; 766.394.921.529,59 ; 2.825,69 ; 331.516.250,99 ; 5.196.416.542.322,76 ; 1.956.959.191.396,60 
1970; 19.965,17 ; 2.235.603,91 ; 458.314.097.505,73 ; 105.416.747.024,90 ; 21.498,08 ; 81.219.609,51 ; 20.280.519.575.975,70 ; 4.737.214.920.492,54 ; 1.283,01 ; 217.160.677,42 ; 2.492.150.640.525,30 ; 808.111.609.970,62 ; 2.868,08 ; 335.759.659,00 ; 5.938.226.701.680,65 ; 2.105.404.900.869,68 
1971; 20.264,64 ; 2.248.391,56 ; 480.428.991.475,00 ; 108.668.751.016,54 ; 21.820,55 ; 82.324.196,20 ; 20.933.229.196.275,50 ; 4.880.176.249.878,32 ; 1.302,26 ; 221.351.878,49 ; 2.675.642.757.447,07 ; 851.249.945.923,12 ; 2.911,10 ; 340.057.382,64 ; 6.724.139.880.332,32 ; 2.256.218.540.709,37 
1972; 20.568,61 ; 2.261.252,36 ; 503.106.463.132,42 ; 111.979.652.211,46 ; 22.147,86 ; 83.443.805,27 ; 21.605.026.360.806,80 ; 5.027.270.153.594,69 ; 1.321,79 ; 225.623.969,75 ; 2.867.163.992.820,67 ; 895.859.173.214,17 ; 2.954,77 ; 344.410.117,14 ; 7.553.730.135.735,51 ; 2.409.577.752.770,17 
1973; 20.877,14 ; 2.274.186,73 ; 526.354.270.543,58 ; 115.351.000.188,28 ; 22.480,08 ; 84.578.641,02 ; 22.296.459.536.420,80 ; 5.178.615.799.595,21 ; 1.341,62 ; 229.978.512,36 ; 3.066.926.076.098,69 ; 941.990.249.424,38 ; 2.999,09 ; 348.818.566,64 ; 8.426.670.280.292,29 ; 2.565.651.970.176,59 
1974; 21.190,30 ; 2.287.195,08 ; 550.180.481.537,20 ; 118.784.357.332,53 ; 22.817,28 ; 85.728.910,54 ; 23.008.093.034.892,80 ; 5.334.335.786.228,29 ; 1.361,74 ; 234.417.097,65 ; 3.275.150.396.992,40 ; 989.695.902.742,13 ; 3.044,07 ; 353.283.444,29 ; 9.342.724.550.405,40 ; 2.724.604.294.572,01 
1975; 21.508,15 ; 2.300.277,83 ; 574.593.472.580,59 ; 122.281.300.663,00 ; 23.159,54 ; 86.894.823,72 ; 23.740.507.468.187,50 ; 5.494.556.241.119,46 ; 1.382,17 ; 238.941.347,64 ; 3.492.068.260.516,28 ; 1.039.030.691.240,85 ; 3.089,74 ; 357.805.472,38 ; 10.301.742.418.179,20 ; 2.886.593.017.426,54 
1976; 21.830,78 ; 2.313.435,42 ; 599.601.928.174,21 ; 125.843.423.538,83 ; 23.506,93 ; 88.076.593,32 ; 24.494.300.216.870,80 ; 5.659.406.922.898,99 ; 1.402,90 ; 243.552.915,64 ; 3.717.921.152.963,90 ; 1.090.051.064.574,48 ; 3.136,08 ; 362.385.382,42 ; 11.303.653.337.768,30 ; 3.051.772.865.910,44 
1977; 22.158,24 ; 2.326.668,27 ; 625.214.840.724,78 ; 129.472.337.263,97 ; 23.859,53 ; 89.274.434,99 ; 25.270.085.912.043,30 ; 5.829.021.325.856,84 ; 1.423,95 ; 248.253.486,92 ; 3.952.961.019.242,61 ; 1.142.815.428.104,91 ; 3.183,12 ; 367.023.915,32 ; 12.348.462.263.656,10 ; 3.220.296.034.197,05 
1978; 22.490,61 ; 2.339.976,81 ; 651.441.510.861,49 ; 133.169.672.603,04 ; 24.217,43 ; 90.488.567,31 ; 26.068.496.931.185,80 ; 6.003.536.787.609,73 ; 1.445,30 ; 253.044.779,21 ; 4.197.450.551.984,27 ; 1.197.384.209.489,52 ; 3.230,87 ; 371.721.821,43 ; 13.436.245.812.569,10 ; 3.392.313.046.423,01 
1979; 22.827,97 ; 2.353.361,48 ; 678.291.548.164,41 ; 136.937.081.220,93 ; 24.580,69 ; 91.719.211,82 ; 26.890.183.908.315,10 ; 6.183.094.599.866,70 ; 1.466,98 ; 257.928.543,45 ; 4.451.663.492.843,81 ; 1.253.819.927.769,40 ; 3.279,33 ; 376.479.860,75 ; 14.567.148.967.040,90 ; 3.567.973.486.642,60 
1980; 23.170,39 ; 2.366.822,71 ; 705.774.872.277,70 ; 140.776.237.056,60 ; 24.949,40 ; 92.966.593,10 ; 27.735.816.258.863,50 ; 6.367.840.122.383,00 ; 1.488,99 ; 262.906.564,34 ; 4.715.884.946.397,02 ; 1.312.187.265.008,74 ; 3.328,52 ; 381.298.802,97 ; 15.741.382.238.889,80 ; 3.747.426.622.987,34 
1981; 23.517,95 ; 2.380.360,93 ; 733.901.714.384,10 ; 144.688.837.640,47 ; 25.323,64 ; 94.230.938,77 ; 28.606.082.719.701,90 ; 6.557.922.900.194,07 ; 1.511,32 ; 267.980.661,03 ; 4.990.411.707.051,06 ; 1.372.553.140.544,77 ; 3.378,45 ; 386.179.427,64 ; 16.959.219.226.578,60 ; 3.930.821.947.146,10 
1982; 23.870,72 ; 2.393.976,60 ; 762.682.619.019,46 ; 148.676.605.363,42 ; 25.703,49 ; 95.512.479,54 ; 29.501.691.904.745,60 ; 6.753.496.784.224,05 ; 1.533,99 ; 273.152.687,79 ; 5.275.552.599.386,77 ; 1.434.986.787.914,85 ; 3.429,13 ; 391.122.524,32 ; 18.220.994.512.701,40 ; 4.118.309.645.680,09 
1983; 24.228,78 ; 2.407.670,15 ; 792.128.446.209,11 ; 152.741.288.704,36 ; 26.089,05 ; 96.811.449,26 ; 30.423.372.876.587,70 ; 6.954.720.055.366,40 ; 1.557,00 ; 278.424.534,67 ; 5.571.628.832.359,71 ; 1.499.559.834.534,25 ; 3.480,56 ; 396.128.892,63 ; 19.527.101.857.517,80 ; 4.310.041.016.188,81 
1984; 24.592,21 ; 2.421.442,02 ; 822.250.373.909,68 ; 156.884.663.422,74 ; 26.480,38 ; 98.128.084,97 ; 31.371.875.734.622,80 ; 7.161.755.552.136,50 ; 1.580,36 ; 283.798.128,18 ; 5.878.974.367.796,09 ; 1.566.346.384.204,18 ; 3.532,77 ; 401.199.342,45 ; 20.877.992.652.145,80 ; 4.506.168.838.664,71 
1985; 24.961,09 ; 2.435.292,67 ; 853.059.900.742,28 ; 161.108.533.721,37 ; 26.877,59 ; 99.462.626,92 ; 32.347.972.220.135,10 ; 7.374.770.801.999,25 ; 1.604,06 ; 289.275.432,06 ; 6.197.936.303.631,63 ; 1.635.423.102.534,93 ; 3.585,76 ; 406.334.694,04 ; 22.274.174.601.170,40 ; 4.706.847.710.307,76 
1986; 25.335,51 ; 2.449.222,54 ; 884.568.849.004,52 ; 165.414.733.384,53 ; 27.280,75 ; 100.815.318,65 ; 33.352.456.338.836,90 ; 7.593.938.156.477,85 ; 1.628,12 ; 294.858.447,90 ; 6.528.875.272.353,72 ; 1.706.869.305.374,59 ; 3.639,55 ; 411.535.778,12 ; 23.716.210.609.394,70 ; 4.912.234.350.466,42 
1987; 25.715,54 ; 2.463.232,09 ; 916.789.367.950,20 ; 169.805.126.895,55 ; 27.689,96 ; 102.186.406,98 ; 34.386.145.001.362,90 ; 7.819.434.930.152,34 ; 1.652,55 ; 300.549.215,94 ; 6.872.165.855.121,83 ; 1.780.767.050.338,54 ; 3.694,14 ; 416.803.436,08 ; 25.204.717.851.486,10 ; 5.122.487.881.115,17 
1988; 26.101,27 ; 2.477.321,78 ; 949.733.937.327,23 ; 174.281.610.537,86 ; 28.105,31 ; 103.576.142,12 ; 35.449.878.682.233,20 ; 8.051.443.543.660,34 ; 1.677,33 ; 306.349.815,81 ; 7.228.197.012.055,98 ; 1.857.201.231.539,64 ; 3.749,56 ; 422.138.520,06 ; 26.740.367.006.570,40 ; 5.337.770.087.290,39 
1989; 26.492,79 ; 2.491.492,06 ; 983.415.371.165,23 ; 178.846.113.482,82 ; 28.526,89 ; 104.984.777,65 ; 36.544.522.097.819,10 ; 8.290.151.670.815,03 ; 1.702,49 ; 312.262.367,25 ; 7.597.372.529.199,80 ; 1.936.259.677.624,12 ; 3.805,80 ; 427.541.893,12 ; 28.323.881.642.541,50 ; 5.558.245.661.121,68 
1990; 26.890,18 ; 2.505.743,40 ; 1.017.846.821.805,53 ; 183.500.598.867,63 ; 28.954,79 ; 106.412.570,63 ; 37.670.964.903.856,40 ; 8.535.752.389.959,65 ; 1.728,03 ; 318.289.030,94 ; 7.980.111.482.681,89 ; 2.018.033.253.222,20 ; 3.862,89 ; 433.014.429,35 ; 29.956.037.737.102,00 ; 5.784.082.432.470,85 
1991; 27.293,54 ; 2.520.076,25 ; 1.053.041.784.167,04 ; 188.247.064.865,91 ; 29.389,12 ; 107.859.781,59 ; 38.830.122.413.070,40 ; 8.788.444.339.679,69 ; 1.753,95 ; 324.432.009,24 ; 8.376.848.720.617,46 ; 2.102.615.963.927,76 ; 3.920,83 ; 438.557.014,05 ; 31.637.663.324.429,70 ; 6.015.451.588.689,34 
1992; 27.702,94 ; 2.534.491,08 ; 1.089.014.100.242,66 ; 193.087.545.753,62 ; 29.829,95 ; 109.326.674,62 ; 40.022.936.333.489,70 ; 9.048.431.878.999,20 ; 1.780,26 ; 330.693.547,02 ; 8.788.035.363.311,65 ; 2.190.105.064.925,45 ; 3.979,64 ; 444.170.543,83 ; 33.369.638.257.936,00 ; 6.252.527.885.599,78 
1993; 28.118,48 ; 2.548.988,37 ; 1.125.777.963.821,27 ; 198.024.112.972,63 ; 30.277,40 ; 110.813.517,39 ; 41.250.375.528.045,20 ; 9.315.925.252.189,86 ; 1.806,97 ; 337.075.932,48 ; 9.214.139.322.345,76 ; 2.280.601.173.388,61 ; 4.039,34 ; 449.855.926,79 ; 35.152.894.080.911,30 ; 6.495.489.851.479,77 
1994; 28.540,26 ; 2.563.568,59 ; 1.163.347.925.431,42 ; 203.058.876.193,95 ; 30.731,56 ; 112.320.581,23 ; 42.513.436.796.066,90 ; 9.591.140.758.326,13 ; 1.834,07 ; 343.581.497,97 ; 9.655.645.839.148,84 ; 2.374.208.384.776,01 ; 4.099,93 ; 455.614.082,65 ; 36.988.413.997.977,90 ; 6.744.519.985.558,00 
1995; 28.968,37 ; 2.578.232,20 ; 1.201.738.897.503,28 ; 208.193.984.382,66 ; 31.192,54 ; 113.848.141,13 ; 43.813.145.677.307,70 ; 9.874.300.925.722,93 ; 1.861,58 ; 350.212.620,88 ; 10.113.058.043.678,60 ; 2.471.034.393.160,23 ; 4.161,43 ; 461.445.942,91 ; 38.877.232.941.232,00 ; 6.999.804.952.315,08 
1996; 29.402,89 ; 2.592.979,69 ; 1.240.966.159.745,97 ; 213.431.626.866,24 ; 31.660,43 ; 115.396.475,85 ; 45.150.557.279.144,10 ; 10.165.634.691.396,80 ; 1.889,51 ; 356.971.724,47 ; 10.586.897.533.858,50 ; 2.571.190.615.725,48 ; 4.223,85 ; 467.352.450,98 ; 40.820.437.725.781,60 ; 7.261.535.772.700,03 
1997; 29.843,93 ; 2.607.811,53 ; 1.281.045.364.737,99 ; 218.774.034.407,96 ; 32.135,33 ; 116.965.867,93 ; 46.526.757.127.619,10 ; 10.465.377.585.694,80 ; 1.917,85 ; 363.861.278,75 ; 11.077.704.976.441,50 ; 2.674.792.321.577,60 ; 4.287,21 ; 473.334.562,35 ; 42.819.167.290.093,70 ; 7.529.908.013.226,25 
1998; 30.291,59 ; 2.622.728,21 ; 1.321.992.543.729,11 ; 224.223.480.286,88 ; 32.617,36 ; 118.556.603,73 ; 47.942.862.043.015,20 ; 10.773.771.922.241,10 ; 1.946,62 ; 370.883.801,43 ; 11.586.040.729.994,60 ; 2.781.958.765.014,25 ; 4.351,51 ; 479.393.244,75 ; 44.874.613.017.183,20 ; 7.805.121.973.787,06 
1999; 30.745,97 ; 2.637.730,22 ; 1.363.824.112.652,06 ; 229.782.281.385,84 ; 33.106,62 ; 120.168.973,54 ; 49.400.021.040.662,70 ; 11.091.066.993.353,00 ; 1.975,81 ; 378.041.858,80 ; 12.112.485.490.724,50 ; 2.892.813.323.408,56 ; 4.416,79 ; 485.529.478,28 ; 46.988.019.133.209,30 ; 8.087.382.874.928,59 
2000; 31.207,16 ; 2.652.818,04 ; 1.406.556.878.343,39 ; 235.452.799.288,74 ; 33.603,22 ; 121.803.271,58 ; 50.899.416.257.710,00 ; 11.417.519.271.084,90 ; 2.005,45 ; 385.338.066,67 ; 12.657.640.961.891,00 ; 3.007.483.639.864,92 ; 4.483,04 ; 491.744.255,60 ; 49.160.683.180.513,20 ; 8.376.901.045.233,45 
2001; 31.675,26 ; 2.667.992,15 ; 1.450.208.044.972,64 ; 241.237.441.388,49 ; 34.107,27 ; 123.459.796,07 ; 52.442.263.906.603,60 ; 11.753.392.614.063,00 ; 2.035,53 ; 392.775.091,36 ; 13.222.130.547.579,60 ; 3.126.101.770.811,39 ; 4.550,28 ; 498.038.582,08 ; 51.393.956.562.545,50 ; 8.673.892.109.395,92 
2002; 32.150,39 ; 2.683.253,07 ; 1.494.795.220.679,89 ; 247.138.662.006,57 ; 34.618,88 ; 125.138.849,30 ; 54.029.815.256.045,20 ; 12.098.958.480.275,50 ; 2.066,07 ; 400.355.650,62 ; 13.806.600.071.636,10 ; 3.248.804.338.698,73 ; 4.618,54 ; 504.413.475,93 ; 53.689.245.158.491,20 ; 8.978.577.177.511,78 
2003; 32.632,65 ; 2.698.601,28 ; 1.540.336.424.421,50 ; 253.158.963.525,56 ; 35.138,16 ; 126.840.737,65 ; 55.663.357.640.220,20 ; 12.454.496.145.991,80 ; 2.097,06 ; 408.082.514,68 ; 14.411.718.522.592,90 ; 3.375.732.689.982,38 ; 4.687,82 ; 510.869.968,42 ; 56.048.010.005.729,60 ; 9.291.183.036.053,50 
2004; 33.122,14 ; 2.714.037,28 ; 1.586.850.093.024,70 ; 259.300.897.535,51 ; 35.665,23 ; 128.565.771,68 ; 57.344.215.497.107,20 ; 12.820.292.930.986,90 ; 2.128,51 ; 415.958.507,21 ; 15.038.178.825.446,30 ; 3.507.033.058.569,50 ; 4.758,13 ; 517.409.104,01 ; 58.471.768.048.546,30 ; 9.611.942.340.962,27 
2005; 33.618,97 ; 2.729.561,57 ; 1.634.355.088.451,60 ; 265.567.065.995,30 ; 36.200,21 ; 130.314.266,18 ; 59.073.751.436.710,00 ; 13.196.644.430.251,80 ; 2.160,44 ; 423.986.506,40 ; 15.686.698.641.176,40 ; 3.642.856.734.920,07 ; 4.829,51 ; 524.031.940,55 ; 60.962.092.951.781,40 ; 9.941.093.813.250,35 
2006; 34.123,26 ; 2.745.174,66 ; 1.682.870.705.273,53 ; 271.960.122.409,79 ; 36.743,22 ; 132.086.540,20 ; 60.853.367.340.070,20 ; 13.583.854.752.377,60 ; 2.192,85 ; 432.169.445,97 ; 16.358.021.194.933,50 ; 3.783.360.240.996,84 ; 4.901,95 ; 530.739.549,38 ; 63.520.615.978.323,20 ; 10.278.882.437.480,00 
2007; 34.635,10 ; 2.760.877,06 ; 1.732.416.678.357,12 ; 278.482.773.023,90 ; 37.294,36 ; 133.882.917,14 ; 62.684.505.489.949,40 ; 13.982.236.764.804,70 ; 2.225,74 ; 440.510.316,28 ; 17.052.916.133.844,80 ; 3.928.705.511.266,78 ; 4.975,48 ; 537.533.015,62 ; 66.149.026.929.572,40 ; 10.625.559.663.458,40 
2008; 35.154,63 ; 2.776.669,28 ; 1.783.013.190.763,33 ; 285.137.778.034,34 ; 37.853,78 ; 135.703.724,82 ; 64.568.649.734.090,70 ; 14.392.112.346.136,90 ; 2.259,13 ; 449.012.165,38 ; 17.772.180.415.434,60 ; 4.079.060.079.962,73 ; 5.050,11 ; 544.413.438,22 ; 68.849.075.148.189,80 ; 10.981.383.611.469,30 
2009; 35.681,95 ; 2.792.551,83 ; 1.834.680.881.861,33 ; 291.927.952.819,97 ; 38.421,59 ; 137.549.295,47 ; 66.507.326.681.999,10 ; 14.813.812.645.720,70 ; 2.293,01 ; 457.678.100,18 ; 18.516.639.227.681,90 ; 4.234.597.274.821,81 ; 5.125,86 ; 551.381.930,23 ; 71.622.570.582.616,60 ; 11.346.619.281.341,90 
2010; 36.217,18 ; 2.808.525,22 ; 1.887.440.855.658,90 ; 298.856.169.191,54 ; 38.997,91 ; 139.419.965,89 ; 68.502.106.936.204,60 ; 15.247.678.350.701,70 ; 2.327,41 ; 466.511.287,51 ; 19.287.146.941.778,30 ; 4.395.496.417.524,46 ; 5.202,75 ; 558.439.618,93 ; 74.471.384.913.018,40 ; 11.721.538.765.646,60 
2011; 36.760,44 ; 2.824.589,99 ; 1.941.314.689.351,69 ; 305.925.356.661,80 ; 39.582,88 ; 141.316.077,43 ; 70.554.606.359.003,30 ; 15.694.059.960.773,10 ; 2.362,32 ; 475.514.955,36 ; 20.084.588.098.686,70 ; 4.561.943.031.065,69 ; 5.280,79 ; 565.587.646,06 ; 77.397.452.738.448,00 ; 12.106.421.467.292,60 
2012; 37.311,84 ; 2.840.746,64 ; 1.996.324.442.093,41 ; 313.138.503.736,63 ; 40.176,62 ; 143.237.976,08 ; 72.666.487.375.694,40 ; 16.153.318.070.836,10 ; 2.397,75 ; 484.692.394,00 ; 20.909.878.430.639,70 ; 4.734.129.054.298,52 ; 5.360,00 ; 572.827.167,92 ; 80.402.772.825.164,40 ; 12.501.554.321.793,00 
2013; 37.871,52 ; 2.856.995,71 ; 2.052.492.663.989,58 ; 320.498.659.228,01 ; 40.779,27 ; 145.186.012,56 ; 74.839.460.315.367,90 ; 16.625.823.661.803,10 ; 2.433,72 ; 494.046.957,20 ; 21.763.965.918.757,30 ; 4.912.253.063.897,14 ; 5.440,40 ; 580.159.355,67 ; 83.489.409.416.169,90 ; 12.907.232.024.457,40 
2014; 38.439,59 ; 2.873.337,73 ; 2.109.842.405.317,44 ; 328.008.933.589,78 ; 41.390,96 ; 147.160.542,33 ; 77.075.284.790.321,60 ; 17.111.958.399.775,40 ; 2.470,23 ; 503.582.063,48 ; 22.647.831.888.006,40 ; 5.096.520.503.996,89 ; 5.522,01 ; 587.585.395,43 ; 86.659.493.602.147,90 ; 13.323.757.262.762,40 
2015; 39.016,19 ; 2.889.773,22 ; 2.168.397.225.974,86 ; 335.672.500.276,72 ; 42.011,83 ; 149.161.925,70 ; 79.375.771.115.221,40 ; 17.612.114.943.838,20 ; 2.507,28 ; 513.301.197,30 ; 23.562.492.140.765,10 ; 5.287.143.923.776,30 ; 5.604,84 ; 595.106.488,49 ; 89.915.224.754.096,60 ; 13.751.440.954.149,10 
2016; 39.601,43 ; 2.906.302,72 ; 2.228.181.205.161,34 ; 343.492.597.127,91 ; 42.642,00 ; 151.190.527,89 ; 81.742.781.767.148,40 ; 18.126.697.262.720,60 ; 2.544,89 ; 523.207.910,41 ; 24.508.998.130.303,40 ; 5.484.343.223.255,82 ; 5.688,91 ; 602.723.851,54 ; 93.258.872.018.061,50 ; 14.190.602.489.490,20 
2017; 40.195,45 ; 2.922.926,77 ; 2.289.218.951.294,09 ; 351.472.527.775,04 ; 43.281,63 ; 153.246.719,07 ; 84.178.232.887.710,70 ; 18.656.120.960.577,10 ; 2.583,06 ; 533.305.823,08 ; 25.488.438.175.533,50 ; 5.688.345.907.597,76 ; 5.774,24 ; 610.438.716,84 ; 96.692.775.872.468,70 ; 14.641.569.982.469,60 
2018; 40.798,38 ; 2.939.645,92 ; 2.351.535.612.162,82 ; 359.615.663.076,50 ; 43.930,86 ; 155.330.874,45 ; 86.684.095.828.431,70 ; 19.200.813.612.151,10 ; 2.621,81 ; 543.598.625,46 ; 26.501.938.718.435,00 ; 5.899.387.350.200,88 ; 5.860,86 ; 618.252.332,42 ; 100.219.349.748.658,00 ; 15.104.680.525.113,70 
2019; 41.410,36 ; 2.956.460,69 ; 2.415.156.885.326,41 ; 367.925.442.577,91 ; 44.589,82 ; 157.443.374,34 ; 89.262.398.740.659,70 ; 19.761.215.107.592,60 ; 2.661,14 ; 554.090.078,94 ; 27.550.665.625.607,10 ; 6.117.711.064.894,73 ; 5.948,77 ; 626.165.962,27 ; 103.841.081.715.309,00 ; 15.580.280.449.714,50 
2020; 42.031,52 ; 2.973.371,65 ; 2.480.109.028.755,44 ; 376.405.375.999,92 ; 45.258,67 ; 159.584.604,24 ; 91.915.228.211.283,50 ; 20.337.778.007.208,00 ; 2.701,05 ; 564.784.017,46 ; 28.635.825.535.450,60 ; 6.343.568.987.547,45 ; 6.038,00 ; 634.180.886,59 ; 107.560.536.227.538,00 ; 16.068.725.597.384,50 
2021; 42.661,99 ; 2.990.379,33 ; 2.546.418.871.724,09 ; 385.059.044.754,08 ; 45.937,55 ; 161.754.954,85 ; 94.644.730.945.570,30 ; 20.930.967.906.426,30 ; 2.741,57 ; 575.684.349,00 ; 29.758.667.252.538,20 ; 6.577.221.767.413,63 ; 6.128,57 ; 642.298.401,94 ; 111.380.355.941.540,00 ; 16.570.381.593.485,00 
2022; 43.301,92 ; 3.007.484,30 ; 2.614.113.825.955,60 ; 393.890.103.487,37 ; 46.626,61 ; 163.954.822,24 ; 97.453.115.498.484,90 ; 21.541.263.811.279,00 ; 2.782,69 ; 586.795.056,93 ; 30.920.483.190.782,90 ; 6.818.939.068.558,37 ; 6.220,50 ; 650.519.821,48 ; 115.303.263.595.711,00 ; 17.085.624.130.168,50 
2023; 43.951,45 ; 3.024.687,11 ; 2.683.221.897.025,29 ; 402.902.281.656,42 ; 47.326,01 ; 166.184.607,82 ; 100.342.654.055.886,00 ; 22.169.158.524.694,10 ; 2.824,43 ; 598.120.201,53 ; 32.122.610.867.072,60 ; 7.068.999.881.706,59 ; 6.313,81 ; 658.846.475,20 ; 119.332.063.959.300,00 ; 17.614.839.256.282,70 
2024; 44.610,72 ; 3.041.988,32 ; 2.753.771.696.025,43 ; 412.099.385.131,87 ; 48.035,90 ; 168.444.718,49 ; 103.315.684.267.036,00 ; 22.815.159.043.915,80 ; 2.866,80 ; 609.663.921,42 ; 33.366.434.447.096,80 ; 7.327.692.846.878,02 ; 6.408,52 ; 667.279.710,08 ; 123.469.645.849.690,00 ; 18.158.423.674.881,00 
2025; 45.279,88 ; 3.059.388,49 ; 2.825.792.451.496,31 ; 421.485.297.833,95 ; 48.756,44 ; 170.735.566,66 ; 106.374.611.129.901,00 ; 23.479.786.969.372,90 ; 2.909,80 ; 621.430.435,10 ; 34.653.386.345.152,50 ; 7.595.316.587.180,90 ; 6.504,64 ; 675.820.890,37 ; 127.718.984.219.495,00 ; 18.716.785.048.592,80 
2026; 45.959,08 ; 3.076.888,20 ; 2.899.314.021.628,20 ; 431.063.983.399,84 ; 49.487,78 ; 173.057.570,37 ; 109.521.908.930.766,00 ; 24.163.578.925.321,50 ; 2.953,45 ; 633.424.042,50 ; 35.984.948.879.777,80 ; 7.872.180.054.150,47 ; 6.602,21 ; 684.471.397,76 ; 132.083.142.314.748,00 ; 19.290.342.313.105,30 
2027; 46.648,46 ; 3.094.488,00 ; 2.974.366.906.738,74 ; 440.839.486.883,71 ; 50.230,10 ; 175.411.153,32 ; 112.760.123.239.720,00 ; 24.867.086.992.606,10 ; 2.997,75 ; 645.649.126,52 ; 37.362.655.987.126,00 ; 8.158.602.885.031,76 ; 6.701,25 ; 693.232.631,66 ; 136.565.273.905.518,00 ; 19.879.525.999.018,90 
2028; 47.348,19 ; 3.112.188,47 ; 3.050.982.262.030,68 ; 450.815.936.490,19 ; 50.983,55 ; 177.796.745,01 ; 116.091.872.963.630,00 ; 25.590.879.153.883,30 ; 3.042,72 ; 658.110.154,66 ; 38.788.094.994.062,20 ; 8.454.915.772.419,41 ; 6.801,76 ; 702.106.009,34 ; 141.168.625.590.362,00 ; 20.484.778.562.336,00 
2029; 48.058,41 ; 3.129.990,19 ; 3.129.191.910.635,02 ; 460.997.545.342,08 ; 51.748,31 ; 180.214.780,74 ; 119.519.852.458.260,00 ; 26.335.539.751.670,90 ; 3.088,36 ; 670.811.680,65 ; 40.262.908.453.030,50 ; 8.761.460.846.682,45 ; 6.903,79 ; 711.092.966,26 ; 145.896.539.176.122,00 ; 21.106.554.723.854,40 
2030; 48.779,29 ; 3.147.893,73 ; 3.209.028.356.944,56 ; 471.388.613.283,14 ; 52.524,53 ; 182.665.701,76 ; 123.046.833.701.224,00 ; 27.101.669.959.589,70 ; 3.134,68 ; 683.758.346,09 ; 41.788.796.040.813,10 ; 9.078.592.071.615,97 ; 7.007,35 ; 720.194.956,23 ; 150.752.454.134.617,00 ; 21.745.321.817.736,40 
2031; 49.510,98 ; 3.165.899,68 ; 3.290.524.800.243,26 ; 481.993.528.716,75 ; 53.312,40 ; 185.149.955,30 ; 126.675.668.527.543,00 ; 27.889.888.267.178,10 ; 3.181,70 ; 696.954.882,16 ; 43.367.516.523.376,00 ; 9.406.675.653.777,53 ; 7.112,46 ; 729.413.451,67 ; 155.739.910.137.877,00 ; 22.401.560.149.533,70 
2032; 50.253,64 ; 3.184.008,63 ; 3.373.715.148.636,71 ; 492.816.770.481,30 ; 54.112,09 ; 187.667.994,69 ; 130.409.290.929.599,00 ; 28.700.830.978.672,80 ; 3.229,43 ; 710.406.111,39 ; 45.000.889.789.073,30 ; 9.746.090.465.981,05 ; 7.219,15 ; 738.749.943,85 ; 160.862.549.673.631,00 ; 23.075.763.363.955,00 
2033; 51.007,45 ; 3.202.221,16 ; 3.458.634.033.289,52 ; 503.862.909.763,12 ; 54.923,77 ; 190.220.279,42 ; 134.250.719.423.347,00 ; 29.535.152.726.153,60 ; 3.277,87 ; 724.116.949,34 ; 46.690.798.952.559,40 ; 10.097.228.485.438,90 ; 7.327,43 ; 748.205.943,13 ; 166.124.120.742.840,00 ; 23.768.438.822.664,00 
2034; 51.772,56 ; 3.220.537,86 ; 3.545.316.822.975,04 ; 515.136.612.047,89 ; 55.747,62 ; 192.807.275,22 ; 138.203.059.482.680,00 ; 30.393.526.997.470,70 ; 3.327,04 ; 738.092.406,46 ; 48.439.192.531.841,80 ; 10.460.495.247.057,80 ; 7.437,34 ; 757.782.979,20 ; 171.528.479.641.138,00 ; 24.480.107.992.410,60 
2035; 52.549,15 ; 3.238.959,34 ; 3.633.799.638.943,58 ; 526.642.639.111,24 ; 56.583,84 ; 195.429.454,17 ; 142.269.506.043.929,00 ; 31.276.646.679.376,70 ; 3.376,94 ; 752.337.589,91 ; 50.248.086.700.991,70 ; 10.836.310.312.413,70 ; 7.548,90 ; 767.482.601,34 ; 177.079.593.826.116,00 ; 25.211.306.843.796,10 
2036; 53.337,39 ; 3.257.486,19 ; 3.724.119.370.115,02 ; 538.385.851.049,69 ; 57.432,59 ; 198.087.294,74 ; 146.453.346.082.504,00 ; 32.185.224.616.303,30 ; 3.427,60 ; 766.857.705,39 ; 52.119.567.621.115,60 ; 11.225.107.754.947,00 ; 7.662,14 ; 777.306.378,63 ; 182.781.544.872.474,00 ; 25.962.586.260.989,30 
2037; 54.137,45 ; 3.276.119,01 ; 3.816.313.688.601,96 ; 550.371.208.352,50 ; 58.294,08 ; 200.781.281,95 ; 150.757.961.263.760,00 ; 33.119.994.185.232,80 ; 3.479,01 ; 781.658.059,11 ; 54.055.793.852.283,80 ; 11.627.336.661.940,50 ; 7.777,07 ; 787.255.900,28 ; 188.638.531.517.124,00 ; 26.734.512.462.709,20 
2038; 54.949,51 ; 3.294.858,41 ; 3.910.421.065.569,86 ; 562.603.774.015,67 ; 59.168,49 ; 203.511.907,38 ; 155.186.830.670.220,00 ; 34.081.709.887.127,70 ; 3.531,20 ; 796.744.059,65 ; 56.058.998.849.203,90 ; 12.043.461.653.858,80 ; 7.893,73 ; 797.332.775,80 ; 194.654.872.796.424,00 ; 27.527.667.434.806,90 
2039; 55.773,75 ; 3.313.705,00 ; 4.006.480.787.440,63 ; 575.088.715.698,76 ; 60.056,02 ; 206.279.669,33 ; 159.743.533.607.367,00 ; 35.071.147.955.395,90 ; 3.584,16 ; 812.121.220,00 ; 58.131.493.543.524,50 ; 12.473.963.421.651,80 ; 8.012,13 ; 807.538.635,33 ; 200.835.011.277.778,00 ; 28.342.649.374.779,80 
2040; 56.610,36 ; 3.332.659,39 ; 4.104.532.972.446,18 ; 587.831.307.925,64 ; 60.956,86 ; 209.085.072,83 ; 164.431.752.490.246,00 ; 36.089.106.981.881,10 ; 3.637,93 ; 827.795.159,54 ; 60.275.669.015.754,50 ; 12.919.339.282.641,80 ; 8.132,31 ; 817.875.129,87 ; 207.183.516.387.952,00 ; 29.180.073.148.563,90 
2041; 57.459,51 ; 3.351.722,20 ; 4.204.618.587.539,03 ; 600.836.934.330,03 ; 61.871,22 ; 211.928.629,82 ; 169.255.275.813.233,00 ; 37.136.408.560.884,80 ; 3.692,50 ; 843.771.606,12 ; 62.493.999.259.888,10 ; 13.380.103.755.638,30 ; 8.254,30 ; 828.343.931,53 ; 213.705.087.840.496,00 ; 30.040.570.759.959,00 
2042; 58.321,41 ; 3.370.894,05 ; 4.306.779.465.666,71 ; 614.111.089.946,95 ; 62.799,28 ; 214.810.859,18 ; 174.218.001.205.333,00 ; 38.213.897.951.738,80 ; 3.747,88 ; 860.056.398,12 ; 64.789.044.043.930,80 ; 13.856.789.155.944,70 ; 8.378,11 ; 838.946.733,85 ; 220.404.559.164.779,00 ; 30.924.791.833.049,00 
2043; 59.196,23 ; 3.390.175,57 ; 4.411.058.323.417,12 ; 627.659.383.550,83 ; 63.741,27 ; 217.732.286,87 ; 179.323.938.573.504,00 ; 39.322.444.760.460,70 ; 3.804,10 ; 876.655.486,61 ; 67.163.451.869.634,70 ; 14.349.946.210.946,20 ; 8.503,78 ; 849.685.252,05 ; 227.286.901.339.211,00 ; 31.833.404.107.988,90 
2044; 60.084,17 ; 3.409.567,37 ; 4.517.498.779.042,34 ; 641.487.540.041,64 ; 64.697,39 ; 220.693.445,97 ; 184.577.213.336.515,00 ; 40.462.943.641.045,40 ; 3.861,16 ; 893.574.937,50 ; 69.619.963.034.864,50 ; 14.860.144.696.989,10 ; 8.631,34 ; 860.561.223,27 ; 234.357.226.531.309,00 ; 32.767.093.950.543,40 
2045; 60.985,43 ; 3.429.070,10 ; 4.626.145.370.868,16 ; 655.601.402.879,71 ; 65.667,85 ; 223.694.876,84 ; 189.982.069.751.958,00 ; 41.636.315.016.954,60 ; 3.919,08 ; 910.820.933,79 ; 72.161.412.802.135,60 ; 15.387.974.098.289,40 ; 8.760,81 ; 871.576.406,93 ; 241.620.791.947.370,00 ; 33.726.566.875.766,00 
2046; 61.900,21 ; 3.448.684,38 ; 4.737.043.576.097,05 ; 670.006.936.570,55 ; 66.652,87 ; 226.737.127,16 ; 195.542.874.339.103,00 ; 42.843.505.823.389,90 ; 3.977,87 ; 928.399.777,81 ; 74.790.734.676.987,80 ; 15.934.044.288.632,20 ; 8.892,22 ; 882.732.584,94 ; 249.083.003.794.573,00 ; 34.712.548.086.224,80 
2047; 62.828,72 ; 3.468.410,85 ; 4.850.239.830.012,50 ; 684.710.229.200,70 ; 67.652,66 ; 229.820.752,09 ; 201.264.119.400.342,00 ; 44.085.490.270.943,70 ; 4.037,53 ; 946.317.893,53 ; 77.510.963.799.985,00 ; 16.498.986.236.650,00 ; 9.025,61 ; 894.031.562,03 ; 256.749.421.358.461,00 ; 35.725.783.025.187,30 
2048; 63.771,15 ; 3.488.250,16 ; 4.965.781.545.592,50 ; 699.717.495.025,57 ; 68.667,45 ; 232.946.314,32 ; 207.150.426.644.067,00 ; 45.363.270.631.248,80 ; 4.098,10 ; 964.581.828,87 ; 80.325.240.456.263,20 ; 17.083.452.735.496,00 ; 9.160,99 ; 905.475.166,02 ; 264.625.761.198.804,00 ; 36.767.037.945.188,00 
2049; 64.727,72 ; 3.508.202,95 ; 5.083.717.133.540,65 ; 715.035.077.110,55 ; 69.697,47 ; 236.114.384,19 ; 213.206.550.911.918,00 ; 46.677.878.045.255,10 ; 4.159,57 ; 983.198.258,17 ; 83.236.813.706.685,20 ; 17.688.119.157.755,90 ; 9.298,41 ; 917.065.248,15 ; 272.717.901.466.974,00 ; 37.837.100.492.418,20 
2050; 65.698,63 ; 3.528.269,88 ; 5.204.096.022.742,94 ; 730.669.450.026,44 ; 70.742,93 ; 239.325.539,82 ; 219.437.384.013.381,00 ; 48.030.373.354.790,40 ; 4.221,96 ; 1.002.173.984,55 ; 86.249.045.144.799,40 ; 18.313.684.236.471,20 ; 9.437,88 ; 928.803.683,32 ; 281.031.886.348.052,00 ; 38.936.780.307.381,40 
2051; 66.684,11 ; 3.548.451,58 ; 5.326.968.681.159,07 ; 746.627.222.600,38 ; 71.804,07 ; 242.580.367,16 ; 225.847.958.670.848,00 ; 49.421.847.958.070,10 ; 4.285,29 ; 1.021.515.942,45 ; 89.365.412.783.949,30 ; 18.960.870.873.177,00 ; 9.579,45 ; 940.692.370,47 ; 289.573.930.630.954,00 ; 40.066.909.642.281,40 
2052; 67.684,37 ; 3.568.748,72 ; 5.452.386.637.156,79 ; 762.915.140.723,41 ; 72.881,13 ; 245.879.460,15 ; 232.443.452.578.316,00 ; 50.853.424.689.851,50 ; 4.349,57 ; 1.041.231.200,14 ; 92.589.515.079.025,30 ; 19.630.426.973.889,60 ; 9.723,14 ; 952.733.232,81 ; 298.350.424.410.027,00 ; 41.228.343.995.608,30 
2053; 68.699,64 ; 3.589.161,96 ; 5.580.402.501.298,37 ; 779.540.090.215,99 ; 73.974,35 ; 249.223.420,81 ; 239.229.192.576.991,00 ; 52.326.258.726.938,90 ; 4.414,81 ; 1.061.326.962,30 ; 95.925.075.087.512,50 ; 20.323.126.314.010,20 ; 9.868,99 ; 964.928.218,19 ; 307.367.937.921.603,00 ; 42.421.962.764.415,70 
2054; 69.730,13 ; 3.609.691,97 ; 5.711.069.988.588,29 ; 796.509.099.752,57 ; 75.083,96 ; 252.612.859,33 ; 246.210.658.951.178,00 ; 53.841.538.519.770,80 ; 4.481,04 ; 1.081.810.572,68 ; 99.375.944.774.642,90 ; 21.039.769.433.143,40 ; 10.017,02 ; 977.279.299,38 ; 316.633.226.519.152,00 ; 43.648.669.914.781,90 
2055; 70.776,08 ; 3.630.339,41 ; 5.844.443.941.191,42 ; 813.829.343.846,56 ; 76.210,22 ; 256.048.394,22 ; 253.393.489.847.904,00 ; 55.400.486.750.840,20 ; 4.548,25 ; 1.102.689.516,73 ; 102.946.109.467.633,00 ; 21.781.184.560.868,60 ; 10.167,28 ; 989.788.474,41 ; 326.153.235.790.758,00 ; 44.909.394.670.973,60 
2056; 71.837,73 ; 3.651.104,95 ; 5.980.580.351.631,36 ; 831.508.145.896,88 ; 77.353,38 ; 259.530.652,38 ; 260.783.485.823.855,00 ; 57.004.361.320.721,20 ; 4.616,48 ; 1.123.971.424,40 ; 106.639.692.464.157,00 ; 22.548.228.574.531,30 ; 10.319,79 ; 1.002.457.766,89 ; 335.935.106.822.781,00 ; 46.205.092.223.834,80 
2057; 72.915,29 ; 3.671.989,27 ; 6.119.536.386.478,53 ; 849.552.981.297,54 ; 78.513,68 ; 263.060.269,26 ; 268.386.614.523.283,00 ; 58.654.456.362.496,80 ; 4.685,72 ; 1.145.664.072,89 ; 110.460.959.800.380,00 ; 23.341.787.990.164,80 ; 10.474,59 ; 1.015.289.226,30 ; 345.986.181.613.634,00 ; 47.536.744.458.945,00 
2058; 74.009,02 ; 3.692.993,05 ; 6.261.370.410.538,17 ; 867.971.480.611,38 ; 79.691,38 ; 266.637.888,92 ; 276.209.015.490.658,00 ; 60.352.103.285.406,80 ; 4.756,01 ; 1.167.775.389,50 ; 114.414.325.184.072,00 ; 24.162.779.987.686,80 ; 10.631,70 ; 1.028.284.928,40 ; 356.314.008.641.779,00 ; 48.905.360.705.102,90 
2059; 75.119,16 ; 3.714.116,97 ; 6.406.142.011.548,23 ; 886.771.432.809,54 ; 80.886,75 ; 270.264.164,21 ; 284.257.005.121.950,00 ; 62.098.671.848.556,10 ; 4.827,35 ; 1.190.313.454,52 ; 118.504.355.098.504,00 ; 25.012.153.471.555,40 ; 10.791,18 ; 1.041.446.975,48 ; 366.926.348.592.125,00 ; 50.311.978.503.706,90 
2060; 76.245,94 ; 3.735.361,72 ; 6.553.912.025.397,63 ; 905.960.788.577,89 ; 82.100,06 ; 273.939.756,84 ; 292.537.081.758.529,00 ; 63.895.571.265.549,90 ; 4.899,76 ; 1.213.286.504,19 ; 122.735.774.083.028,00 ; 25.890.890.168.114,90 ; 10.953,05 ; 1.054.777.496,77 ; 377.831.180.245.150,00 ; 51.757.664.399.619,40 
2061; 77.389,63 ; 3.756.727,99 ; 6.704.742.561.875,59 ; 925.547.663.691,84 ; 83.331,56 ; 277.665.337,53 ; 301.055.930.927.792,00 ; 65.744.251.340.947,00 ; 4.973,26 ; 1.236.702.933,72 ; 127.113.470.196.440,00 ; 26.800.005.760.895,10 ; 11.117,34 ; 1.068.278.648,73 ; 389.036.706.533.190,00 ; 53.243.514.754.123,20 
2062; 78.550,48 ; 3.778.216,47 ; 6.858.697.030.962,71 ; 945.540.342.461,10 ; 84.581,53 ; 281.441.586,12 ; 309.820.430.734.747,00 ; 67.646.203.639.447,70 ; 5.047,85 ; 1.260.571.300,34 ; 131.642.500.669.465,00 ; 27.740.551.065.182,50 ; 11.284,10 ; 1.081.952.615,43 ; 400.551.360.768.475,00 ; 54.770.656.580.583,60 
2063; 79.728,73 ; 3.799.827,87 ; 7.015.840.169.675,07 ; 965.947.281.245,66 ; 85.850,25 ; 285.269.191,69 ; 318.837.657.408.894,00 ; 69.602.962.688.758,50 ; 5.123,57 ; 1.284.900.326,44 ; 136.328.097.752.869,00 ; 28.713.613.243.216,30 ; 11.453,36 ; 1.095.801.608,91 ; 412.383.813.047.614,00 ; 56.340.248.403.461,00 
2064; 80.924,67 ; 3.821.562,89 ; 7.176.238.069.472,50 ; 986.777.112.044,70 ; 87.138,01 ; 289.148.852,70 ; 328.114.891.010.890,00 ; 71.616.107.217.103,30 ; 5.200,43 ; 1.309.698.902,74 ; 141.175.674.767.997,00 ; 29.720.317.061.419,60 ; 11.625,17 ; 1.109.827.869,50 ; 424.542.976.837.381,00 ; 57.953.481.141.327,50 
2065; 82.138,54 ; 3.843.422,23 ; 7.339.958.204.242,70 ; 1.008.038.646.159,76 ; 88.445,08 ; 293.081.277,10 ; 337.659.621.303.581,00 ; 73.687.261.426.381,00 ; 5.278,43 ; 1.334.976.091,56 ; 146.190.832.366.692,00 ; 30.761.826.191.115,50 ; 11.799,54 ; 1.124.033.666,23 ; 437.038.015.746.779,00 ; 59.611.579.014.558,40 
2066; 83.370,61 ; 3.865.406,60 ; 7.507.069.458.873,00 ; 1.029.740.877.933,88 ; 89.771,75 ; 297.067.182,47 ; 347.479.553.792.156,00 ; 75.818.096.301.994,40 ; 5.357,61 ; 1.360.741.130,13 ; 151.379.365.007.882,00 ; 31.839.344.554.235,70 ; 11.976,54 ; 1.138.421.297,16 ; 449.878.350.490.513,00 ; 61.315.800.478.397,60 
2067; 84.621,17 ; 3.887.516,73 ; 7.677.642.158.421,72 ; 1.051.892.988.568,24 ; 91.118,33 ; 301.107.296,15 ; 357.582.615.938.277,00 ; 78.010.330.960.407,00 ; 5.437,97 ; 1.387.003.433,94 ; 156.747.267.658.275,00 ; 32.954.117.715.574,20 ; 12.156,18 ; 1.152.993.089,77 ; 463.073.666.049.149,00 ; 63.067.439.182.101,20 
2068; 85.890,49 ; 3.909.753,32 ; 7.851.748.097.901,66 ; 1.074.504.350.017,88 ; 92.485,10 ; 305.202.355,38 ; 367.976.963.553.205,00 ; 80.265.734.035.514,90 ; 5.519,54 ; 1.413.772.600,21 ; 162.300.742.724.952,00 ; 34.107.434.323.200,50 ; 12.338,53 ; 1.167.751.401,31 ; 476.633.919.031.380,00 ; 64.867.824.954.900,80 
2069; 87.178,85 ; 3.932.117,11 ; 8.029.460.572.688,05 ; 1.097.584.528.968,26 ; 93.872,38 ; 309.353.107,41 ; 378.670.987.375.081,00 ; 82.586.125.104.953,60 ; 5.602,34 ; 1.441.058.411,40 ; 168.046.207.227.851,00 ; 35.300.627.598.694,00 ; 12.523,60 ; 1.182.698.619,25 ; 490.569.345.243.995,00 ; 66.718.324.819.527,70 
2070; 88.486,53 ; 3.954.608,82 ; 8.210.854.409.564,00 ; 1.121.143.290.894,28 ; 95.280,47 ; 313.560.309,67 ; 389.673.319.835.655,00 ; 84.973.376.157.482,80 ; 5.686,37 ; 1.468.870.838,74 ; 173.990.300.220.439,00 ; 36.535.076.878.925,00 ; 12.711,46 ; 1.197.837.161,58 ; 504.890.467.475.273,00 ; 68.620.344.034.081,80 
2071; 89.813,83 ; 3.977.229,18 ; 8.396.005.998.416,47 ; 1.145.190.604.203,51 ; 96.709,67 ; 317.824.729,88 ; 400.992.842.021.932,00 ; 87.429.413.102.644,70 ; 5.771,67 ; 1.497.220.045,93 ; 180.139.890.467.163,00 ; 37.812.209.211.165,60 ; 12.902,13 ; 1.213.169.477,25 ; 519.608.103.497.725,00 ; 70.575.327.163.029,50 
2072; 91.161,04 ; 3.999.978,93 ; 8.584.993.324.596,19 ; 1.169.736.644.465,31 ; 98.160,32 ; 322.147.146,21 ; 412.638.690.838.337,00 ; 89.956.217.323.900,40 ; 5.858,24 ; 1.526.116.392,81 ; 186.502.084.386.553,00 ; 39.133.501.003.373,70 ; 13.095,66 ; 1.228.698.046,55 ; 534.733.374.296.254,00 ; 72.584.759.178.159,70 
2073; 92.528,45 ; 4.022.858,81 ; 8.777.896.001.955,20 ; 1.194.791.798.727,90 ; 99.632,72 ; 326.528.347,40 ; 424.620.266.375.190,00 ; 92.555.827.276.506,00 ; 5.946,12 ; 1.555.570.439,19 ; 193.084.234.269.154,00 ; 40.500.479.731.559,90 ; 13.292,10 ; 1.244.425.381,55 ; 550.277.712.527.977,00 ; 74.650.166.590.325,30 
2074; 93.916,38 ; 4.045.869,57 ; 8.974.795.306.576,05 ; 1.220.366.669.924,76 ; 101.127,21 ; 330.969.132,92 ; 436.947.239.489.416,00 ; 95.230.340.131.413,80 ; 6.035,31 ; 1.585.592.948,67 ; 199.893.946.779.806,00 ; 41.914.725.706.210,40 ; 13.491,48 ; 1.260.354.026,43 ; 566.252.871.220.131,00 ; 76.773.118.612.842,50 
2075; 95.325,12 ; 4.069.011,94 ; 9.175.774.211.206,72 ; 1.246.472.081.372,76 ; 102.644,12 ; 335.470.313,13 ; 449.629.559.603.621,00 ; 97.981.913.466.521,00 ; 6.125,84 ; 1.616.194.892,58 ; 206.939.091.754.093,00 ; 43.377.873.899.810,70 ; 13.693,85 ; 1.276.486.557,97 ; 582.670.932.712.688,00 ; 78.955.228.357.429,90 
2076; 96.755,00 ; 4.092.286,69 ; 9.380.917.420.416,13 ; 1.273.119.081.363,48 ; 104.183,78 ; 340.032.709,39 ; 462.677.462.729.804,00 ; 100.812.767.006.638,00 ; 6.217,72 ; 1.647.387.454,01 ; 214.227.811.299.137,00 ; 44.891.615.837.580,70 ; 13.899,26 ; 1.292.825.585,91 ; 599.544.317.852.451,00 ; 81.198.154.063.601,90 
2077; 98.206,33 ; 4.115.694,57 ; 9.590.311.406.484,84 ; 1.300.318.947.849,97 ; 105.746,54 ; 344.657.154,23 ; 476.101.479.724.197,00 ; 103.725.184.413.572,00 ; 6.310,99 ; 1.679.182.031,87 ; 221.768.529.209.256,00 ; 46.457.701.553.610,40 ; 14.107,75 ; 1.309.373.753,41 ; 616.885.795.445.635,00 ; 83.503.600.362.454,70 
2078; 99.679,42 ; 4.139.236,34 ; 9.804.044.446.046,31 ; 1.328.083.193.230,77 ; 107.332,74 ; 349.344.491,53 ; 489.912.444.779.876,00 ; 106.721.515.127.771,00 ; 6.405,65 ; 1.711.590.245,08 ; 229.569.960.707.392,00 ; 48.077.941.614.656,80 ; 14.319,36 ; 1.326.133.737,46 ; 634.708.491.976.116,00 ; 85.873.319.575.802,90 
2079; 101.174,61 ; 4.162.912,77 ; 10.022.206.657.494,10 ; 1.356.423.569.233,37 ; 108.942,73 ; 354.095.576,62 ; 504.121.504.163.988,00 ; 109.804.176.263.014,00 ; 6.501,74 ; 1.744.623.936,81 ; 237.641.122.523.543,00 ; 49.754.209.213.942,60 ; 14.534,15 ; 1.343.108.249,30 ; 653.025.901.596.731,00 ; 88.309.113.051.668,40 
2080; 102.692,23 ; 4.186.724,63 ; 10.244.890.039.170,80 ; 1.385.352.071.898,94 ; 110.576,87 ; 358.911.276,46 ; 518.740.125.206.657,00 ; 112.975.654.555.684,00 ; 6.599,27 ; 1.778.295.178,79 ; 245.991.343.321.890,00 ; 51.488.442.337.378,30 ; 14.752,17 ; 1.360.300.034,89 ; 671.851.896.401.233,00 ; 90.812.832.537.126,10 
2081; 104.232,61 ; 4.210.672,70 ; 10.472.188.508.355,50 ; 1.414.880.946.670,79 ; 112.235,52 ; 363.792.469,82 ; 533.780.105.548.805,00 ; 116.238.508.370.175,00 ; 6.698,25 ; 1.812.616.275,74 ; 254.630.274.488.646,00 ; 53.282.646.004.712,90 ; 14.973,45 ; 1.377.711.875,33 ; 691.200.736.984.714,00 ; 93.386.381.589.564,30 
2082; 105.796,10 ; 4.234.757,75 ; 10.704.197.941.064,60 ; 1.445.022.693.588,41 ; 113.919,06 ; 368.740.047,41 ; 549.253.582.656.348,00 ; 119.595.369.762.071,00 ; 6.798,73 ; 1.847.599.769,87 ; 263.567.901.293.122,00 ; 55.138.894.588.204,90 ; 15.198,05 ; 1.395.346.587,34 ; 711.087.083.300.523,00 ; 96.031.717.027.431,60 
2083; 107.383,05 ; 4.258.980,56 ; 10.941.016.212.685,50 ; 1.475.790.072.589,45 ; 115.627,84 ; 373.754.912,05 ; 565.173.043.608.441,00 ; 123.048.946.600.751,00 ; 6.900,71 ; 1.883.258.445,42 ; 272.814.554.434.911,00 ; 57.059.334.211.493,20 ; 15.426,02 ; 1.413.207.023,66 ; 731.526.005.821.952,00 ; 98.750.850.421.574,00 
2084; 108.993,79 ; 4.283.341,93 ; 11.182.743.239.457,30 ; 1.507.196.108.921,87 ; 117.362,26 ; 378.837.978,86 ; 581.551.335.167.666,00 ; 126.602.024.753.132,00 ; 7.004,22 ; 1.919.605.333,42 ; 282.380.921.990.540,00 ; 59.046.185.231.447,10 ; 15.657,41 ; 1.431.296.073,56 ; 752.532.997.017.167,00 ; 101.545.849.628.304,00 
2085; 110.628,70 ; 4.307.842,65 ; 11.429.481.020.818,90 ; 1.539.254.098.668,56 ; 119.122,69 ; 383.990.175,37 ; 598.401.674.140.284,00 ; 130.257.470.330.316,00 ; 7.109,28 ; 1.956.653.716,36 ; 292.278.061.773.405,00 ; 61.101.744.805.857,90 ; 15.892,27 ; 1.449.616.663,30 ; 774.123.983.146.126,00 ; 104.418.840.365.368,00 
2086; 112.288,13 ; 4.332.483,51 ; 11.681.333.682.640,50 ; 1.571.977.614.386,73 ; 120.909,53 ; 389.212.441,75 ; 615.737.658.034.904,00 ; 134.018.231.998.945,00 ; 7.215,92 ; 1.994.417.133,08 ; 302.517.414.121.299,00 ; 63.228.389.549.949,20 ; 16.130,66 ; 1.468.171.756,59 ; 796.315.336.388.465,00 ; 107.372.007.832.011,00 
2087; 113.972,45 ; 4.357.265,31 ; 11.938.407.521.357,20 ; 1.605.380.510.864,52 ; 122.723,18 ; 394.505.730,96 ; 633.573.276.028.167,00 ; 137.887.343.359.132,00 ; 7.324,16 ; 2.032.909.383,75 ; 313.110.815.126.286,00 ; 65.428.578.284.771,40 ; 16.372,62 ; 1.486.964.355,08 ; 819.123.887.311.578,00 ; 110.407.598.374.381,00 
2088; 115.682,04 ; 4.382.188,87 ; 12.200.811.049.024,60 ; 1.639.476.930.997,23 ; 124.564,03 ; 399.871.008,90 ; 651.922.920.246.289,00 ; 141.867.925.390.894,00 ; 7.434,02 ; 2.072.144.534,86 ; 324.070.510.322.265,00 ; 67.704.854.880.664,40 ; 16.618,21 ; 1.505.997.498,82 ; 842.566.937.688.380,00 ; 113.527.921.197.533,00 
2089; 117.417,27 ; 4.407.254,99 ; 12.468.655.039.313,50 ; 1.674.281.311.785,74 ; 126.432,49 ; 405.309.254,62 ; 670.801.397.371.555,00 ; 145.963.188.971.041,00 ; 7.545,53 ; 2.112.136.924,38 ; 335.409.168.846.008,00 ; 70.059.851.199.073,00 ; 16.867,48 ; 1.525.274.266,81 ; 866.662.273.674.523,00 ; 116.735.350.125.349,00 
2090; 119.178,53 ; 4.432.464,49 ; 12.742.052.574.464,90 ; 1.709.808.390.459,50 ; 128.328,97 ; 410.821.460,49 ; 690.223.940.583.132,00 ; 150.176.437.462.567,00 ; 7.658,72 ; 2.152.901.167,02 ; 347.139.898.088.087,00 ; 72.496.290.136.115,50 ; 17.120,49 ; 1.544.797.777,42 ; 891.428.179.355.079,00 ; 120.032.325.409.700,00 
2091; 120.966,20 ; 4.457.818,18 ; 13.021.119.093.224,30 ; 1.746.073.210.726,91 ; 130.253,91 ; 416.408.632,35 ; 710.206.221.841.824,00 ; 154.511.069.378.628,00 ; 7.773,60 ; 2.194.452.159,54 ; 359.276.258.850.603,00 ; 75.016.988.771.435,00 ; 17.377,30 ; 1.564.571.188,97 ; 916.883.450.671.029,00 ; 123.421.355.590.251,00 
2092; 122.780,70 ; 4.483.316,90 ; 13.305.972.439.775,80 ; 1.783.091.129.155,56 ; 132.207,72 ; 422.071.789,75 ; 730.764.364.528.679,00 ; 158.970.581.123.247,00 ; 7.890,20 ; 2.236.805.086,22 ; 371.832.281.029.262,00 ; 77.624.861.625.957,20 ; 17.637,96 ; 1.584.597.700,19 ; 943.047.409.736.142,00 ; 126.905.019.406.302,00 
2093; 124.622,41 ; 4.508.961,48 ; 13.596.732.913.696,90 ; 1.820.877.821.685,13 ; 134.190,83 ; 427.811.966,09 ; 751.914.956.447.645,00 ; 163.558.569.810.965,00 ; 8.008,55 ; 2.279.975.424,39 ; 384.822.479.837.934,00 ; 80.322.924.032.343,20 ; 17.902,53 ; 1.604.880.550,75 ; 969.939.919.555.151,00 ; 130.485.967.762.144,00 
2094; 126.491,74 ; 4.534.752,74 ; 13.893.523.320.954,90 ; 1.859.449.290.275,70 ; 136.203,69 ; 433.630.208,83 ; 773.675.063.202.745,00 ; 168.278.736.167.717,00 ; 8.128,68 ; 2.323.978.950,08 ; 398.261.872.594.441,00 ; 83.114.295.622.017,10 ; 18.171,07 ; 1.625.423.021,80 ; 997.581.399.154.453,00 ; 134.166.925.747.416,00 
2095; 128.389,12 ; 4.560.691,52 ; 14.196.469.025.966,40 ; 1.898.821.869.694,23 ; 138.246,75 ; 439.527.579,67 ; 796.062.241.960.583,00 ; 173.134.887.515.247,00 ; 8.250,61 ; 2.368.831.743,81 ; 412.165.996.087.011,00 ; 86.002.203.932.809,70 ; 18.443,63 ; 1.646.228.436,48 ; 1.025.992.839.136.830,00 ; 137.950.694.714.002,00 
2096; 130.314,96 ; 4.586.778,68 ; 14.505.698.004.742,80 ; 1.939.012.234.442,24 ; 140.320,45 ; 445.505.154,75 ; 819.094.555.609.254,00 ; 178.130.940.841.504,00 ; 8.374,37 ; 2.414.550.196,47 ; 426.550.924.541.457,00 ; 88.989.988.141.391,10 ; 18.720,29 ; 1.667.300.160,47 ; 1.055.195.817.672.050,00 ; 141.840.154.411.064,00 
2097; 132.269,68 ; 4.613.015,05 ; 14.821.340.899.143,30 ; 1.980.037.405.827,38 ; 142.425,26 ; 451.564.024,86 ; 842.790.587.325.099,00 ; 183.270.925.959.466,00 ; 8.499,99 ; 2.461.151.015,26 ; 441.433.288.209.872,00 ; 92.081.102.924.803,50 ; 19.001,09 ; 1.688.641.602,52 ; 1.085.212.516.935.550,00 ; 145.838.265.179.818,00 
2098; 134.253,73 ; 4.639.401,50 ; 15.143.531.072.258,70 ; 2.021.914.759.182,18 ; 144.561,64 ; 457.705.295,60 ; 867.169.455.559.034,00 ; 188.558.988.756.959,00 ; 8.627,49 ; 2.508.651.229,86 ; 456.830.292.602.336,00 ; 95.279.122.455.564,70 ; 19.286,11 ; 1.710.256.215,04 ; 1.116.065.740.007.680,00 ; 149.948.070.209.753,00 
2099; 136.267,53 ; 4.665.938,88 ; 15.472.404.664.949,90 ; 2.064.662.031.232,85 ; 146.730,06 ; 463.930.087,62 ; 892.250.829.454.555,00 ; 193.999.394.540.076,00 ; 8.756,90 ; 2.557.068.198,59 ; 472.759.738.383.868,00 ; 98.587.744.534.955,70 ; 19.575,40 ; 1.732.147.494,59 ; 1.147.778.928.246.410,00 ; 154.172.697.857.979,00 
2100; 138.311,55 ; 4.692.628,05 ; 15.808.100.653.564,70 ; 2.108.297.327.621,24 ; 148.931,01 ; 470.239.536,81 ; 918.054.944.709.832,00 ; 199.596.531.472.904,00 ; 8.888,25 ; 2.606.419.614,83 ; 489.240.041.959.643,00 ; 102.010.794.869.284,00 ; 19.869,03 ; 1.754.318.982,52 ; 1.180.376.179.146.750,00 ; 158.515.364.033.512,00 